,finalized_nn_model,finalized_nn_model,finalized_nn_model
0,8.370641172000031,8.370641172000031,8.370641172000031
