,linear model,random forest,neural network
0,10.540276131912833,17.4,9.959631598318722
